Scenario,ชุด,ชื่อ Scenario,ประเภท,Actor หลัก,เงื่อนไขตั้งต้น,ขั้นตอนโดยย่อ,ผลที่คาดหวัง,ที่มา/Business Rule,ขั้นในผัง,สถานะ
TR-01,โอนถาวร,โอนรถให้หน่วยงานต่างจังหวัด,ปกติ,หน่วยงานต้นทาง,รถสภาพยังใช้ได้แต่หน่วยงานไม่ใช้แล้ว,ต้นทางเปิดใบ + เสนอรายการรถ (สภาพ·อายุ·ประวัติซ่อม) → ปลายทางตอบรับ → อนุมัติ → แจ้ง กจย. → ออกรหัสใหม่ → ประทับตรา,รถย้ายสังกัด ประวัติติดไปกับรถ,SC-F13-01 · ข้อ 8.3 (เฉพาะช่วงท้าย) · ✅ เคาะ 22 ก.ย. 2569 ต้นทางเปิดเรื่องเสมอ,T0–T13,ยังไม่ทำ
TR-02,โอนถาวร,รับโอนรถเข้าหน่วยงาน (ฝั่งปลายทาง),ปกติ,หน่วยงานปลายทาง,มีรถเสนอโอนเข้ามา,ดูข้อมูลรถล่วงหน้า → ตรวจรับสภาพ ณ วันโอน → บันทึกผลตรวจรับ,ผลตรวจรับเก็บเป็นหลักฐานผูกกับใบโอน,SC-F13-03,T7,ยังไม่ทำ
TR-03,โอนถาวร,โอนรถที่ยังมีเรื่องค้าง,ข้อยกเว้น,ระบบ,รถมีใบแจ้งซ่อมค้าง / รอบบิล Fleet card ไม่เคลียร์ / ใบนำตัวยัง active,ระบบตรวจรายการค้างก่อนยืนยันโอน,เตือนให้ปิดก่อน หรือบันทึกข้อตกลงส่งมอบพร้อมรายการค้าง,SC-F13-02 · DB ยังไม่มีที่เก็บผลตรวจ,T5–T6,ยังไม่เคาะ
TR-04,โอนถาวร,ปลายทางไม่รับโอน / ไม่ตอบ,ข้อยกเว้น,หน่วยงานปลายทาง,เสนอโอนไปแล้วแต่ปลายทางไม่รับ,ปลายทางระบุเหตุผลปฏิเสธ → เรื่องกลับต้นทาง,ต้นทางเห็นเหตุผล เลือกเสนอหน่วยงานอื่นหรือพิจารณาจำหน่ายแทน,❓ ระเบียบไม่ได้เขียนว่าปฏิเสธได้ไหม,T2–T3,ยังไม่เคาะ
TR-05,โอนถาวร,ออกรหัสสังกัดใหม่และประทับตรา,ปกติ,กจย. + ปลายทาง,การโอนได้รับอนุมัติแล้ว,ปลายทางแจ้ง กจย. ภายใน 7 วันทำการ → กจย. ออกรหัส → ปลายทางประทับตราภายใน 7 วันทำการนับถัดจากได้รับรหัส,รหัสข้างรถเป็นของสังกัดใหม่,ข้อ 8.3 · ข้อ 8.1 · แบบ SB3-015/69001,T8–T10,ยังไม่ทำ
TR-06,โอนถาวร,เลยกำหนด 7 วันทำการ,ข้อยกเว้น,ระบบ,แจ้ง กจย. ช้า หรือยังไม่ประทับตราเกินกำหนด,ระบบนับวันทำการและเตือนเมื่อใกล้ครบ/เกิน,มีรายการรถที่ค้างเกินกำหนดให้ กจย. ติดตาม,ข้อ 8.3 (กำหนดเวลาชัด แต่ไม่ได้บอกบทลงโทษ),T8·T10,ยังไม่ทำ
TR-07,โอนถาวร,รถโอนระหว่างที่ใบแจ้งซ่อมยังเดินอยู่,ข้อยกเว้น,ระบบ,ใบแจ้งซ่อมยังไม่ปิด แล้วรถเปลี่ยนสังกัด,ตัดสินว่าใบย้ายตามรถ หรือค้างที่หน่วยงาน/แผนกเดิมจนจบงาน,ใบไม่หลุดมือ และหน่วยงานที่จ่ายเงินยังเข้าถึงได้,map-05 routing · usecase สิทธิ์ข้อ 20 · 09-สิทธิ์-2-ด่าน,T5·T12,ยังไม่เคาะ
TR-08,โอนถาวร,โอนข้าม สนญ. ↔ ส่วนภูมิภาค,ทางเลือก,หน่วยงานปลายทาง,รถย้ายข้ามระหว่างสำนักงานใหญ่กับภูมิภาค,โอนตามขั้นปกติ + เปลี่ยนผู้รับผิดชอบงานทะเบียน,ผู้ชำระภาษีประจำปีเปลี่ยน (ข้อ 23) · ผู้ต่อ พ.ร.บ. ปีถัดไปเปลี่ยน (ข้อ 30.1.2),ข้อ 23 · ข้อ 30.1.2 · ข้อ 30.3.5,T11,ยังไม่ทำ
TR-09,โอนถาวร,โอนรถติดเครื่องจักรกลทุ่นแรง (เครน/กระเช้า),ทางเลือก,หน่วยงานปลายทาง,รถที่โอนติดตั้งเครื่องจักรกลทุ่นแรง,โอนตามขั้นปกติ + แจ้ง กบค. ปรับปรุงฐานข้อมูลเครื่องจักรกลทุ่นแรง,ฐานข้อมูลงานตรวจสอบ/ซ่อม/PM ของ กบค. ตรงกับสังกัดใหม่,❓ อนุมานจากข้อ 25.5 (ระเบียบระบุเฉพาะตอนจำหน่าย),T12,ยังไม่เคาะ
TR-10,โอนถาวร,รถเช่าลีสซิ่ง (รหัส 25) ขอเปลี่ยนสังกัด,ข้อยกเว้น,หน่วยงานต้นทาง,รถที่จะย้ายเป็นรถเช่าไม่ใช่รถที่ซื้อ,ตรวจว่าเป็นเรื่องแก้สัญญาเช่า ไม่ใช่โอนทรัพย์สิน,ระบบกันไม่ให้เปิดใบโอนทรัพย์สินกับรถเช่า หรือแยกเส้นทางให้,❓ ระเบียบไม่ได้พูดถึงรถเช่าในเรื่องโอน/จำหน่ายเลย,T0,ยังไม่เคาะ
TR-11,โอนถาวร,ยกเลิกการโอนกลางทาง,ข้อยกเว้น,หน่วยงานต้นทาง,เริ่มเรื่องโอนแล้วแต่ต้องยกเลิก,ยกเลิกใบโอน ระบุเหตุผล คืนสถานะรถ,รถกลับสถานะเดิม มีร่องรอยการยกเลิกในประวัติ,❓ ไม่มีที่มา,—,ยังไม่เคาะ
TR-12,โอนถาวร,ดูประวัติการโอนย้ายของรถ,ปกติ,ทุกบทบาทที่เห็นรถ,รถเคยเปลี่ยนสังกัดมาก่อน,เปิดหน้าข้อมูลรถ → ดูรายการการโอนทั้งหมด,เห็นสังกัดเดิม→ใหม่ วันที่ทั้ง 2 ฝั่ง เหตุผล ผู้ดำเนินการ,DB vms_trn_vehicle_transfer (เก็บครบอยู่แล้ว),T12,ยังไม่ทำ
LN-01,ยืมใช้ชั่วคราว,ใช้รถข้ามหน่วยงานในเขตเดียวกัน,ปกติ,หน่วยงานต้นสังกัดของรถ,ต้องเอารถไปทำงานที่หน่วยงานอื่นในเขตเดียวกัน,ขออนุมัติตามระดับ → อนุมัติ → ใช้งาน → คืน,รถไปทำงานได้โดยสังกัดไม่เปลี่ยน,ข้อ 11.2.5.1 · 11.2.5.2,B6–B7,ยังไม่ทำ
LN-02,ยืมใช้ชั่วคราว,ใช้รถไปปฏิบัติงานเขตอื่น,ปกติ,หน่วยงานต้นสังกัดของรถ,ปลายทางอยู่คนละเขต,ขออนุมัติ ผชก. เขตที่รถสังกัด หรือผู้รับมอบหมาย,ใบอนุมัติผูกกับช่วงวันและพื้นที่ปลายทาง,ข้อ 11.2.5.3,B8,ยังไม่ทำ
LN-03,ยืมใช้ชั่วคราว,ใช้รถขนส่งพัสดุในภาคเดียวกัน,ทางเลือก,ผชก. เขต,ต้องขนส่งพัสดุอุปกรณ์ไฟฟ้าระหว่างหน่วยงานในภาค,ผชก. เขตอนุมัติหรือสั่งการให้เดินทางรับส่งพัสดุ,ค่าขนส่งลงที่ กฟภ. ปลายทางที่รับโอนพัสดุ ไม่ใช่ต้นสังกัดรถ,ข้อ 11.2.5.4,B9,ยังไม่ทำ
LN-04,ยืมใช้ชั่วคราว,เร่งด่วนฉุกเฉินออกนอกเขตจำหน่ายไฟฟ้า,ข้อยกเว้น,ผู้ควบคุมการใช้รถ,งานเร่งด่วนที่ถ้าช้าจะเกิดความเสียหาย,ใช้รถออกนอกเขตไปก่อน → รายงานขออนุมัติ ผชก. เขตทุกครั้ง,ระบบรองรับการอนุมัติย้อนหลัง + ติดธงว่าเป็นเคสฉุกเฉิน,ข้อ 11.2.4,B10,ยังไม่ทำ
LN-05,ยืมใช้ชั่วคราว,ใช้รถของสำนักงานใหญ่,ปกติ,หน่วยงาน สนญ.,รถสังกัดสำนักงานใหญ่,ในเขต กทม. → หัวหน้าหน่วยงาน · นอกเขต → ผอ.ฝ่าย · ค้างแรมข้ามวัน → ขออนุมัติค้างแรมเพิ่มถึง ผอ.ฝ่าย,ผู้อนุมัติเปลี่ยนตามพื้นที่และการค้างแรมอัตโนมัติ,ข้อ 11.1.3 · 11.1.4,B2–B4,ยังไม่ทำ
LN-06,ยืมใช้ชั่วคราว,ใช้รถในระบบ Carpool สำนักงานใหญ่,ปกติ,ผู้ขอใช้รถ สนญ.,รถอยู่ในระบบ Carpool,ขออนุมัติ อก.จย.,ผู้อนุมัติเป็น อก.จย. ไม่ใช่หัวหน้าหน่วยงานผู้ขอ,ข้อ 11.1.5 · DB vms_mas_carpool*,B5,มีบางส่วน
LN-07,ยืมใช้ชั่วคราว,รถเสียระหว่างไปปฏิบัติงานต่างพื้นที่,ข้อยกเว้น,พขร. + ต้นสังกัด,รถชำรุดขณะอยู่ต่างพื้นที่,พขร. แจ้งผู้ควบคุมต้นสังกัด → ต้นสังกัดแจ้งการไฟฟ้าในพื้นที่ให้จัดซ่อม → โอนค่าใช้จ่ายกลับต้นสังกัด/งบงาน,ต้นสังกัดเป็นผู้บันทึกรายการจัดซ่อมลงระบบ,ข้อ 13.3,B14–B17,ยังไม่ทำ
LN-08,ยืมใช้ชั่วคราว,เติมน้ำมันในพื้นที่ที่ Fleet card เดิมไม่ครอบคลุม,ข้อยกเว้น,ผู้ควบคุมการใช้รถ,รถโยกไปทำงานต่างพื้นที่ที่ธนาคารเดิมไม่ครอบคลุม,ออก/ใช้ Fleet card ใบที่ 2 ของรถคันเดิม,ระบบรองรับ 1 คันมี Fleet card มากกว่า 1 ใบ,สรุปประชุม 4 · DB vms_mas_fleet_card_mapping,B12,ยังไม่เคาะ
LN-09,ยืมใช้ชั่วคราว,ลง ยพ.6 ระหว่างที่หน่วยงานอื่นใช้รถ,ปกติ,พขร. + ต้นสังกัด,รถถูกหน่วยงานอื่นใช้ในเดือนนั้น,ลงรายการใน ยพ.6 โดยระบุหน่วยงานที่ใช้ยานพาหนะรายเที่ยว,ยพ.6 ยังเป็นเล่มของรถ/ต้นสังกัด แต่แยกได้ว่าเที่ยวไหนใครใช้,ผนวก ง (ฟอร์มมีคอลัมน์นี้อยู่แล้ว) · ข้อ 11.2.6,B18,ยังไม่ทำ
LN-10,ยืมใช้ชั่วคราว,ยืมใช้ยาวจนควรเปลี่ยนสังกัดจริง,ข้อยกเว้น,ระบบ,รถอยู่กับหน่วยงานอื่นต่อเนื่องเกินเกณฑ์,ระบบเตือนว่าควรพิจารณาเปลี่ยนสังกัดถาวรแทน,เชื่อมเข้าเส้น TR-01,❓ ไม่มีเกณฑ์ระยะเวลาในระเบียบ,B21,ยังไม่เคาะ
LN-11,ยืมใช้ชั่วคราว,คืนรถและปิดรอบเดือน,ปกติ,ต้นสังกัด,จบภารกิจที่ยืมใช้,คืนรถ → หัวหน้าตรวจ ยพ.6 ไม่เกินวันที่ 5 → บันทึกลงระบบไม่เกินวันที่ 10 ของเดือนถัดไป,ข้อมูลการใช้/ค่าใช้จ่ายกลับเข้าต้นสังกัดครบ,ข้อ 11.2.6 · 11.2.7,B19–B21,ยังไม่ทำ
TR-13,โอนถาวร,หน่วยงานอื่นแจ้งความต้องการรถ (เคส pull),ทางเลือก,หน่วยงานที่ขาดรถ,หน่วยงานปลายทางขาดแคลนรถประเภทที่ต้องการ,แจ้งความต้องการเข้ามา → ต้นทางที่มีรถว่างรับเรื่อง → ต้นทางเปิดใบโอนจริง,สัญญาณความต้องการไม่สร้าง record ในตารางโอน กันไม่ให้มี state machine 2 ชุด,✅ เคาะ 22 ก.ย. 2569 (ต้นทางเปิดเรื่องเสมอ),T0a,ยังไม่ทำ
LN-12,ยืมใช้ชั่วคราว,หน่วยงานอื่นขอยืมรถ (เคส pull),ทางเลือก,หน่วยงานผู้ขอยืม,หน่วยงานอื่นอยากยืมรถของหน่วยงานเรา,แจ้งความต้องการ → ต้นสังกัดของรถเปิดคำขอและถือใบ → เข้าสายอนุมัติฝั่งรถ,ปลายทางไม่มีอำนาจอนุมัติ — ข้อ 11.2.5 ทั้ง 4 อนุข้อผู้อนุมัติอยู่ฝั่งรถ,ข้อ 11.2.5.3 (ผชก. เขตที่ยานพาหนะนั้นสังกัด),B0a,ยังไม่ทำ
